{
  "LogisticRegression": {
    "accuracy": 0.69,
    "precision": 0.7575757575757576,
    "recall": 0.7692307692307693,
    "f1": 0.7633587786259541,
    "roc_auc": 0.6817582417582418,
    "cv_roc_auc_mean": 0.8138736263736265,
    "cv_roc_auc_std": 0.0313415667300791
  },
  "RandomForest": {
    "accuracy": 0.62,
    "precision": 0.68,
    "recall": 0.7846153846153846,
    "f1": 0.7285714285714285,
    "roc_auc": 0.5894505494505495,
    "cv_roc_auc_mean": 0.7900412087912089,
    "cv_roc_auc_std": 0.0434582909554829
  }
}